Name,Ingredient 1,Ingredient 2,Ingredient 3,Ingredient 4,Ingredient 5,Ingredient 6,Ingredient 7,Ingredient 8,Ingredient 9,Measurement 1,Measurement 2,Measurement 3,Measurement 4,Measurement 5,Measurement 6,Measurement 7,Measurement 8,Measurement 9
3-Mile Long Island Iced Tea,Gin,Light rum,Tequila,Triple sec,Vodka,Coca-Cola,Sweet and sour,Bitters,Lemon,0.5,0.5,0.5,0.5,0.5,0.5,0.01,,
410 Gone,Peach Vodka,Coca-Cola,,,,,,,,3,9,,,,,,,
50/50,Vanilla vodka,Grand Marnier,Orange juice,,,,,,,2.5,0.5,9,,,,,,
501 Blue,Blue Curacao,Blueberry schnapps,Vodka,Sour mix,7-Up,,,,,,,,,,,,,
69 Special,Gin,7-Up,Lemon juice,,,,,,,2,4,0.75,,,,,,
A Day at the Beach,Coconut rum,Amaretto,Orange juice,Grenadine,,,,,,1,0.5,4,0.5,,,,,
A Furlong Too Late,Light rum,Ginger beer,Lemon peel,,,,,,,2,4,,,,,,,
A midsummernight dream,Vodka,Kirschwasser,Strawberry liqueur,Strawberries,Schweppes Russchian,,,,,2,1,0.1,5,,,,,
A Night In Old Mandalay,Light rum,Añejo rum,Orange juice,Lemon juice,Ginger ale,Lemon peel,,,,1,1,1,0.5,3,,,,
A. J.,Applejack,Grapefruit juice,,,,,,,,1.5,1,,,,,,,
Abbey Cocktail,Gin,Orange bitters,Orange,Cherry,,,,,,1.5,0.01,Juice of 1/4 ,1,,,,,
Abilene,Dark rum,Peach nectar,Orange juice,,,,,,,1.5,2,3,,,,,,
Absolut Stress #2,Absolut Vodka,Peach schnapps,Coconut liqueur,Cranberry juice,Pineapple juice,,,,,1.5,0.5,0.5,1.5,1.5,,,,
Absolutely Cranberry Smash,Absolut Vodka,Cranberry juice,Ginger ale,Ice,,,,,,2,4,2,,,,,,
Acapulco,Light rum,Triple sec,Lime juice,Sugar,Egg white,Mint,,,,1.5,1.5,0.3,0.1,1,,,,
Adam,Dark rum,Lemon juice,Grenadine,,,,,,,2,1,0.1,,,,,,
Adam Sunrise,Vodka,Lemonade,Water,Sugar,,,,,,2-Jan,1/2 can ,2-Jan,10 tsp ,,,,,
Adonis Cocktail,Sweet Vermouth,Sherry,Orange bitters,,,,,,,0.75,1.5,0.01,,,,,,
Affair,Strawberry schnapps,Orange juice,Cranberry juice,Club soda,,,,,,2,2,2,,,,,,
Affinity,Scotch,Sweet Vermouth,Dry Vermouth,Orange bitters,,,,,,1.5,1,1,0.02,,,,,
After Dinner Cocktail,Apricot brandy,Triple sec,Lime,Lime,,,,,,1,1,Juice of 1 ,,,,,,
After sex,Vodka,Creme de Banane,Orange juice,,,,,,,2,1,,,,,,,
After Supper Cocktail,Triple sec,Apricot brandy,Lemon juice,,,,,,,1,1,0.005,,,,,,
Alabama Slammer,Southern Comfort,Amaretto,Sloe gin,Lemon juice,,,,,,1,1,0.5,0.01,,,,,
Alaska Cocktail,Orange bitters,Gin,Yellow Chartreuse,Lemon peel,,,,,,0.02,1.5,0.75,,,,,,
Alexander,Gin,Creme de Cacao,Light cream,Nutmeg,,,,,,0.5,0.5,2,,,,,,
Alfie Cocktail,Lemon vodka,Triple sec,Pineapple juice,,,,,,,1.5,0.01,0.3,,,,,,
Algonquin,Blended whiskey,Dry Vermouth,Pineapple juice,,,,,,,1.5,1,1,,,,,,
Alice in Wonderland,Amaretto,Grand Marnier,Southern Comfort,,,,,,,1,1,1,,,,,,
Allegheny,Dry Vermouth,Bourbon,Blackberry brandy,Lemon juice,Lemon peel,,,,,1,1,0.15,0.15,,,,,
Allies Cocktail,Dry Vermouth,Gin,Kummel,,,,,,,1,1,0.05,,,,,,
Almeria,Dark rum,Kahlua,Egg white,,,,,,,2,1,1,,,,,,
Almond Chocolate Coffee,Amaretto,Dark Creme de Cacao,Coffee,,,,,,,0.75,0.5,8,,,,,,
Almond Joy,Amaretto,Creme de Cacao,Light cream,,,,,,,0.5,0.5,2,,,,,,
Amaretto And Cream,Amaretto,Light cream,,,,,,,,1.5,1.5,,,,,,,
Amaretto Mist,Amaretto,Lime,,,,,,,,1.5,1,,,,,,,
Amaretto Rose,Amaretto,Lime juice,Club soda,,,,,,,1.5,0.5,,,,,,,
Amaretto Shake,Chocolate ice-cream,Brandy,Amaretto,,,,,,,4,2,2,,,,,,
Amaretto Sour,Amaretto,Sour mix,,,,,,,,1.5,3,,,,,,,
Amaretto Stinger,Amaretto,White Creme de Menthe,,,,,,,,1.5,0.75,,,,,,,
Amaretto Sunrise,Amaretto,Orange juice,Grenadine,,,,,,,1 cl ,4 oz ,1/4 cl ,,,,,,
Amaretto Sunset,Triple sec,Amaretto,Cider,Ice,,,,,,1/2 jigger ,3 shots ,1/2 cup ,Add 1/2 cup ,,,,,
Amaretto Tea,Tea,Amaretto,Whipped cream,,,,,,,6,2,,,,,,,
Americano,Campari,Sweet Vermouth,Lemon peel,Orange peel,,,,,,1,1,,,,,,,
Angel Face,Apricot brandy,Apple brandy,Gin,,,,,,,0.5,0.5,1,,,,,,
Applecar,Applejack,Triple sec,Lemon juice,,,,,,,1,1,1,,,,,,
Apricot Lady,Light rum,Apricot brandy,Triple sec,Lemon juice,Egg white,Orange,,,,1.5,1,0.1,0.5,1,,,,
Archbishop,Gin,Wine,Benedictine,Lime,,,,,,2,1,0.1,,,,,,
Arise My Love,Champagne,Green Creme de Menthe,,,,,,,,Chilled ,1 tsp ,,,,,,,
Arthur Tompkins,Gin,Grand Marnier,Lemon juice,Lemon peel,,,,,,2,0.5,0.1,,,,,,
Artillery,Sweet Vermouth,Gin,Bitters,,,,,,,1.5,1.5,0.02,,,,,,
AT&T,Absolut Vodka,Gin,Tonic water,,,,,,,1,1,4,,,,,,
Atlantic Sun,Vodka,Southern Comfort,Passion fruit syrup,Sweet and sour,Club soda,,,,,2 cl Smirnoff ,2 cl ,2 cl ,6 cl ,1 dash ,,,,
Atomic Lokade,Lemonade,Vodka,Blue Curacao,Triple sec,Sugar,Ice,,,,5,1,0.5,0.5,,,,,
Autodafé,Vodka,Lime juice,Soda water,,,,,,,4 cl ,1 dash ,,,,,,,
Avalon,Vodka,Pisang Ambon,Apple juice,Lemon juice,Lemonade,,,,,3,1,6,1.5,,,,,
Bacardi Cocktail,Light rum,Lime juice,Sugar syrup,Grenadine,,,,,,1.75,1,0.05,0.01,,,,,
Balmoral,Scotch,Sweet Vermouth,Dry Vermouth,Bitters,,,,,,1.5,0.5,0.5,0.02,,,,,
Banana Daiquiri,Light rum,Triple sec,Banana,Lime juice,Sugar,Cherry,,,,1.5,0.3,1,1.5,0.1,,,,
Barracuda,Rum,Galliano,Pineapple Juice,Lime Juice,Prosecco,,,,,4.5 cl,1.5 cl,6 cl, 1 dash,top up ,,,,
Bellini,Champagne,Peach schnapps,,,,,,,,6,1,,,,,,,
Bellini Martini,Ice,Vodka,Peach nectar,Peach schnapps,Lemon peel,,,,,,3,1.5,1.5,1,,,,
Bermuda Highball,Brandy,Gin,Dry Vermouth,Carbonated water,Lemon peel,,,,,0.75,0.75,0.75,,,,,,
Between The Sheets,Brandy,Light rum,Triple sec,Lemon juice,,,,,,1,1,1,1,,,,,
Black Russian,Coffee liqueur,Vodka,,,,,,,,0.75,1.5,,,,,,,
Blackthorn,Sweet Vermouth,Sloe gin,Lemon peel,,,,,,,1,1.5,,,,,,,
Bloody Maria,Tequila,Tomato juice,Lemon juice,Tabasco sauce,Celery salt,Lemon,,,,1,2,0.01,0.01,0.01,,,,
Bloody Mary,Vodka,Tomato juice,Lemon juice,Worcestershire sauce,Tabasco sauce,Lime,,,,1.5,3,0.01,0.05,0.003,,,,
Blue Lagoon,Vodka,Blue Curacao,Lemonade,Cherry,,,,,,1,1,,,,,,,
Blue Margarita,Tequila,Blue Curacao,Lime juice,Salt,,,,,,1.5,1,1,,,,,,
Blue Mountain,Añejo rum,Tia maria,Vodka,Orange juice,Lemon juice,,,,,1.5,0.5,0.5,1,0.1,,,,
Bluebird,Gin,Triple sec,Blue Curacao,Bitters,Maraschino cherry,Lemon peel,,,,1.5,0.5,0.5,0.02,,,,,
Bobby Burns Cocktail,Sweet Vermouth,Scotch,Benedictine,Lemon peel,,,,,,1.5,1.5,1.25,,,,,,
Boomerang,Gin,Dry Vermouth,Bitters,Maraschino liqueur,Maraschino cherry,,,,,2,0.5,0.02,0.05,,,,,
Boston Sidecar,Light rum,Brandy,Triple sec,Lime,,,,,,0.75,0.75,0.75,Juice of 1/2 ,,,,,
Boston Sour,Blended whiskey,Lemon,Powdered sugar,Egg white,Lemon,Cherry,,,,2 oz ,Juice of 1/2 ,1 tsp ,1,1 slice ,1,,,
Bourbon Sling,Sugar,Water,Lemon juice,Bourbon,Lemon peel,,,,,0.1,0.2,1,2,,,,,
Bourbon Sour,Bourbon,Lemon juice,Sugar,Orange,Maraschino cherry,,,,,2,1,0.05,,,,,,
Boxcar,Gin,Triple sec,Lemon juice,Grenadine,Egg white,,,,,1.5,1,0.1,0.05,1,,,,
Bramble,Gin,lemon juice,Sugar syrup,Creme de Mure,,,,,,4,1.5,1,1.5,,,,,
Brandy Alexander,Brandy,Creme de Cacao,Light cream,Nutmeg,,,,,,1,1,1,,,,,,
Brandy Cobbler,Sugar,Club soda,Lemon,Brandy,Maraschino cherry,Orange,,,,0.1,3,1,2,,,,,
Brandy Flip,Brandy,Egg,Sugar,Light cream,Nutmeg,,,,,2,1,0.1,0.05,0.0125,,,,
Brandy Sour,Brandy,Lemon,Powdered sugar,Lemon,Cherry,,,,,2 oz ,Juice of 1/2 ,1/2 tsp ,1/2 slice ,1,,,,
Caipirinha,Sugar,Lime,Cachaca,,,,,,,0.2,1,2.5,,,,,,
Caipirissima,Lime,Sugar,White rum,Ice,,,,,,2,0.6,3,,,,,,
California Lemonade,Blended whiskey,Lemon,Lime,Powdered sugar,Grenadine,Carbonated water,,,,2,Juice of 1 ,Juice of 1 ,0.3,0.025,,,,
Casa Blanca,Light rum,Triple sec,Lime juice,Maraschino liqueur,,,,,,2,1.5,1.5,1.5,,,,,
Casino,Gin,Maraschino liqueur,Lemon juice,Orange bitters,Cherry,,,,,2,0.25,0.25,0.02,,,,,
Casino Royale,Gin,Lemon juice,Maraschino liqueur,Orange bitters,Egg yolk,,,,,2,0.5,0.1,0.01,1,,,,
Champagne Cocktail,Champagne,Sugar,Bitters,Lemon peel,Cognac,,,,,Chilled ,1 piece ,2 dashes ,1 twist of ,1 dash,,,,
Cherry Rum,Light rum,Cherry brandy,Light cream,,,,,,,1.25,0.15,0.3,,,,,,
Chicago Fizz,Light rum,Port,Lemon,Powdered sugar,Egg white,Carbonated water,,,,1,1,Juice of 1/2 ,0.1,1,6,,,
Chocolate Black Russian,Kahlua,Vodka,Chocolate ice-cream,,,,,,,1,0.5,5,,,,,,
City Slicker,Brandy,Triple sec,Lemon juice,,,,,,,2,0.5,0.3,,,,,,
Classic Old-Fashioned,Bitters,Water,Sugar,Bourbon,Orange,Maraschino cherry,,,,0.03,0.1,1,3,,,,,
Clove Cocktail,Sweet Vermouth,Sloe gin,Wine,,,,,,,1,0.5,0.5,,,,,,
Clover Club,Gin,Grenadine,Lemon,Egg white,,,,,,1.5,0.2,Juice of 1/2 ,1,,,,,
Cuba Libra,Dark rum,Lime,Coca-Cola,Ice,,,,,,3,0.75,8,,,,,,
Cuba Libre,Light rum,Lime,Coca-Cola,,,,,,,2 oz ,Juice of 1/2 ,,,,,,,
Daiquiri,Light rum,Lime,Powdered sugar,,,,,,,1 1/2 oz ,Juice of 1/2 ,1 tsp ,,,,,,
Dark and Stormy,Dark Rum,Ginger Beer,,,,,,,,5,10,,,,,,,
Derby,gin,Peach Bitters,Mint,,,,,,,6 cl,2 dashes,2 Fresh leaves,,,,,,
Dragonfly,Gin,Ginger ale,Lime,,,,,,,1.5,4,1,,,,,,
Dry Rob Roy,Scotch,Dry Vermouth,Lemon peel,,,,,,,2.5,0.15,,,,,,,
Dubonnet Cocktail,Dubonnet Rouge,Gin,Bitters,Lemon peel,,,,,,1.5,0.75,0.01,,,,,,
English Highball,Brandy,Gin,Sweet Vermouth,Carbonated water,Lemon peel,,,,,0.75,0.75,0.75,,,,,,
English Rose Cocktail,Apricot brandy,Gin,Dry Vermouth,Grenadine,Lemon juice,Cherry,,,,0.75,1.5,0.75,0.1,0.025,1,,,
Flander's Flake-Out,Sambuca,Sarsaparilla,,,,,,,,1,3,,,,,,,
Flying Dutchman,Gin,Triple sec,,,,,,,,2,0.5,,,,,,,
Flying Scotchman,Scotch,Sweet Vermouth,Bitters,Sugar syrup,,,,,,1,1,0.01,0.025,,,,,
Foxy Lady,Amaretto,Creme de Cacao,Light cream,,,,,,,0.5,0.5,2,,,,,,
French 75,Gin,Sugar,Lemon juice,Champagne,Orange,Maraschino cherry,,,,1.5,0.2,1.5,4,,,,,
French Connection,Cognac,Amaretto,,,,,,,,1.5,0.75,,,,,,,
Frisco Sour,Blended whiskey,Benedictine,Lemon,Lime,Lemon,Lime,,,,2,0.5,Juice of 1/4 ,Juice of 1/2 ,,,,,
Frozen Daiquiri,Light rum,Triple sec,Lime juice,Sugar,Cherry,Ice,,,,1.5,0.3,1.5,0.1,,,,,
Frozen Mint Daiquiri,Light rum,Lime juice,Mint,Sugar,,,,,,2,0.3,,0.1,,,,,
Frozen Pineapple Daiquiri,Light rum,Pineapple,Lime juice,Sugar,,,,,,1.5,4,0.3,0.5,,,,,
Gentleman's Club,Gin,Brandy,Sweet Vermouth,Club soda,,,,,,1.5,1,1,1,,,,,
GG,Galliano,Ginger ale,Ice,,,,,,,2.5,4,,,,,,,
Gideon's Green Dinosaur,Dark rum,Vodka,Triple sec,Tequila,Melon liqueur,Mountain Dew,,,,0.5,0.5,0.5,0.5,0.5,6,,,
Gin And Tonic,Gin,Tonic water,Lime,,,,,,,2,5,,,,,,,
Gin Cooler,Gin,Carbonated water,Powdered sugar,Orange spiral,Lemon peel,,,,,2,8,,,,,,,
Gin Daisy,Gin,Lemon juice,Sugar,Grenadine,Maraschino cherry,Orange,,,,2,1,0.05,0.05,,,,,
Gin Fizz,Gin,Lemon,Powdered sugar,Carbonated water,,,,,,2,0.5,0.1,,,,,,
Gin Sling,Gin,Lemon,Powdered sugar,Water,Orange peel,,,,,2,0.5,0.1,0.1,,,,,
Gin Smash,Gin,Carbonated water,Sugar,Mint,Orange,Cherry,,,,2,1,,,,,,,
Gin Sour,Gin,Lemon juice,Sugar,Orange,Maraschino cherry,,,,,2,1,0.5,,,,,,
Gin Squirt,Gin,Grenadine,Powdered sugar,Pineapple,Strawberries,Carbonated water,,,,1.5,0.1,0.3,,,,,,
Gin Swizzle,Lime juice,Sugar,Gin,Bitters,Club soda,,,,,1.5,0.1,2,0.01,3,,,,
Gin Toddy,Gin,Water,Powdered sugar,Lemon peel,,,,,,2,0.2,0.05,,,,,,
Girl From Ipanema,Cachaca,Lemon Juice,Agave Syrup,Champagne,,,,,,25,15,10,15,,,,,
Godchild,Vodka,Amaretto,Heavy cream,,,,,,,1,1,1,,,,,,
Godfather,Scotch,Amaretto,,,,,,,,1.5,0.75,,,,,,,
Godmother,Vodka,Amaretto,,,,,,,,1.5,0.75,,,,,,,
Golden dream,Galliano,Triple Sec,orange juice,Cream,,,,,,2,2,2,1,,,,,
Grand Blue,Malibu rum,Peach schnapps,Blue Curacao,Sweet and sour,,,,,,1.5,1.5,1.5,3,,,,,
Grass Skirt,Gin,Triple sec,Pineapple juice,Grenadine,Pineapple,,,,,1.5,1,1,0.05,,,,,
Grasshopper,Green Creme de Menthe,Creme de Cacao,Light cream,,,,,,,0.75,0.75,0.75,,,,,,
Grim Reaper,Kahlua,151 proof rum,Grenadine,,,,,,,1,1,0.01,,,,,,
Grizzly Bear,Amaretto,Jägermeister,Kahlua,Milk,,,,,,1,1,1,2.5,,,,,
Happy Skipper,Spiced rum,Ginger ale,Lime,Ice,,,,,,1.5,10,,,,,,,
Harvey Wallbanger,Vodka,Galliano,Orange juice,,,,,,,1,0.5,4,,,,,,
Havana Cocktail,Light rum,Pineapple juice,Lemon juice,,,,,,,1,1,0.1,,,,,,
Hawaiian Cocktail,Gin,Triple sec,Pineapple juice,,,,,,,2,0.5,0.3,,,,,,
Hemingway Special,Rum,Grapefruit Juice,Maraschino Liqueur,Lime Juice,,,,,,12,8,3,3,,,,,
Highland Fling Cocktail,Scotch,Sweet Vermouth,Orange bitters,Olive,,,,,,1.5,0.75,0.02,,,,,,
Horse's Neck,Lemon peel,Brandy,Ginger ale,Bitters,,,,,,,2,5,0.02,,,,,
Ice Pick #1,Vodka,Iced tea,Lemon juice,,,,,,,1.5,6," to taste
",,,,,,
Imperial Fizz,Light rum,Blended whiskey,Lemon,Powdered sugar,Carbonated water,,,,,0.5,1.5,0.5,0.1,,,,,
Ipamena,Lime,Brown sugar,Passion fruit juice,Ginger ale,Ice,,,,,½,2 tsp,4 cl,top up with,fill,,,,
Irish Spring,Irish whiskey,Peach brandy,Orange juice,Sweet and sour,Orange,Cherry,,,,1,0.5,1,1,,,,,
Jack Rose Cocktail,Apple brandy,Grenadine,Lime,,,,,,,1.5,0.1,0.5,,,,,,
Jackhammer,Jack Daniels,Amaretto,,,,,,,,1,1,,,,,,,
Japanese Fizz,Blended whiskey,Lemon,Powdered sugar,Port,Egg white,Carbonated water,,,,1.5,0.5,0.1,0.3,1,,,,
Jewel Of The Nile,Gin,Green Chartreuse,Yellow Chartreuse,,,,,,,1.5,0.5,0.5,,,,,,
John Collins,Bourbon,Lemon juice,Sugar,Club soda,Maraschino cherry,Orange,,,,2,1,0.1,3,,,,,
Kamikaze,Vodka,Triple sec,Lime juice,,,,,,,1,1,1,,,,,,
Karsk,Coffee,Grain alcohol,,,,,,,,1,2,,,,,,,
Kentucky B And B,Bourbon,Benedictine,,,,,,,,2,0.5,,,,,,,
Kentucky Colonel,Bourbon,Benedictine,Lemon peel,,,,,,,3,0.5,,,,,,,
Kir,Creme de Cassis,Champagne,,,,,,,,1,5,,,,,,,
Kir Royale,Creme de Cassis,Champagne,,,,,,,,1,5,,,,,,,
Kiss me Quick,Cranberry vodka,Apfelkorn,Schweppes Russchian,Apple juice,Ice,,,,,4,2,7,8,,,,,
Kiwi Lemon,Kiwi liqueur,Bitter lemon,Ice,,,,,,,1,2,,,,,,,
Lady Love Fizz,Gin,Light cream,Powdered sugar,Lemon,Egg white,Carbonated water,,,,2,0.2,0.1,0.5,1,,,,
Loch Lomond,Scotch,Drambuie,Dry Vermouth,Lemon peel,,,,,,2,0.5,0.5,,,,,,
London Town,Gin,Maraschino liqueur,Orange bitters,,,,,,,1.5,0.5,0.02,,,,,,
Lone Tree Cocktail,Sweet Vermouth,Gin,,,,,,,,0.75,1.5,,,,,,,
Lone Tree Cooler,Carbonated water,Gin,Dry Vermouth,Powdered sugar,Orange spiral,Lemon peel,,,,,,,,,,,,
Long Island Iced Tea,Vodka,Tequila,Light rum,Gin,Coca-Cola,Lemon peel,,,,0.5,0.5,0.5,0.5,0.01,,,,
Long Island Tea,Vodka,Light rum,Gin,Tequila,Lemon,Coca-Cola,,,,0.5,0.5,0.5,0.5,0.5,0.5,,,
Long vodka,Vodka,Lime,Angostura bitters,Tonic water,Ice,,,,,5 cl ,2-Jan,4 dashes ,1 dl Schweppes ,4,,,,
Lord And Lady,Dark rum,Tia maria,,,,,,,,1.5,0.5,,,,,,,
Mai Tai,Light rum,Orgeat syrup,Triple sec,Sweet and sour,Cherry,,,,,1,0.5,0.5,1.5,,,,,
Margarita,Tequila,Triple sec,Lime juice,Salt,,,,,,1.5,0.5,1,,,,,,
Midnight Cowboy,Bourbon,Dark rum,Heavy cream,,,,,,,2,1,0.5,,,,,,
Midnight Manx,Kahlua,Baileys irish cream,Goldschlager,Heavy cream,Coffee,,,,,1,1,0.5,2,2,,,,
Mimosa,Champagne,Orange juice,,,,,,,,Chilled ,2 oz ,,,,,,,
Mint Julep,Mint,Bourbon,Powdered sugar,Water,,,,,,,2.5,0.1,0.2,,,,,
Mississippi Planters Punch,Brandy,Light rum,Bourbon,Lemon,Powdered sugar,Carbonated water,,,,1,0.5,0.5,0.5,0.3,,,,
Monkey Gland,Gin,Benedictine,Orange juice,Grenadine,,,,,,2,0.1,0.5,0.1,,,,,
Monkey Wrench,Light rum,Grapefruit juice,Bitters,,,,,,,1.5,3,0.01,,,,,,
National Aquarium,Rum,Vodka,Gin,Blue Curacao,Sour mix,Lemon-lime soda,,,,0.5,0.5,0.5,0.5,2,0.5,,,
Negroni,Gin,Campari,Sweet Vermouth,,,,,,,1,1,1,,,,,,
New York Sour,Blended whiskey,Lemon,Sugar,Red wine,Lemon,Cherry,,,,2,0.5,0.1," (Claret)
",,,,,
Orange Oasis,Cherry brandy,Gin,Orange juice,Ginger ale,,,,,,0.5,1.5,4,,,,,,
Orange Push-up,Spiced rum,Grenadine,Orange juice,Sour mix,,,,,,1.5,0.5,4,0.5,,,,,
Oreo Mudslide,Vodka,Kahlua,Baileys irish cream,Vanilla ice-cream,Oreo cookie,,,,,1,1,1,2,,,,,
Orgasm,Creme de Cacao,Amaretto,Triple sec,Vodka,Light cream,,,,,0.5,0.5,0.5,0.5,1,,,,
Owen's Grandmother's Revenge,Whiskey,Beer,Lemonade,Ice,,,,,,12,12,12,,,,,,
Paradise,Gin,Apricot Brandy,Orange Juice,,,,,,,7,4,3,,,,,,
Pina Colada,Light rum,Coconut milk,Pineapple,,,,,,,3,0.9,0.9,,,,,,
Pink Gin,Bitters,Gin,,,,,,,,0.03,2,,,,,,,
Pink Lady,Gin,Grenadine,Light cream,Egg white,,,,,,1.5,0.1,0.1,1,,,,,
Pink Panty Pulldowns,Sprite,Pink lemonade,Vodka,,,,,,,34,16,16,,,,,,
Popped cherry,Vodka,Cherry liqueur,Cranberry juice,Orange juice,,,,,,2,2,4,4,,,,,
Poppy Cocktail,Gin,Creme de Cacao,,,,,,,,1.5,0.75,,,,,,,
Port And Starboard,Grenadine,Green Creme de Menthe,,,,,,,,0.3,0.5,,,,,,,
Port Wine Cocktail,Port,Brandy,,,,,,,,2.5,0.05,,,,,,,
Port Wine Flip,Port,Light cream,Powdered sugar,Egg,Nutmeg,,,,,1.5,0.2,0.1,1,,,,,
Porto flip,Brandy,Port,Egg Yolk,,,,,,,3,9,2,,,,,,
Pysch Vitamin Light,Orange juice,Apple juice,Pineapple juice,Ice,,,,,,1,1,1,,,,,,
Quaker's Cocktail,Light rum,Brandy,Lemon,Raspberry syrup,,,,,,0.75,0.75,0.25,0.2,,,,,
Quarter Deck Cocktail,Light rum,Sherry,Lime,,,,,,,1 1/2,0.33,0.5,,,,,,
Queen Bee,Coffee brandy,Lime vodka,Sherry,,,,,,,1,1.5,0.5,,,,,,
Queen Charlotte,Red wine,Grenadine,Lemon-lime soda,,,,,,,2,1,,,,,,,
Queen Elizabeth,Dry Vermouth,Gin,Benedictine,,,,,,,0.5,1.5,1.5,,,,,,
Quentin,Dark rum,Kahlua,Light cream,Nutmeg,,,,,,1.5,0.5,1,0.0175,,,,,
Quick-sand,Black Sambuca,Orange juice,,,,,,,,25,250,,,,,,,
Radioactive Long Island Iced Tea,Rum,Vodka,Tequila,Gin,Triple sec,Chambord raspberry liqueur,Midori melon liqueur,Malibu rum,,1,1,1,1,1,1,1,1,
Radler,Beer,7-Up,,,,,,,,12,12,,,,,,,
Rose,Dry Vermouth,Gin,Apricot brandy,Lemon juice,Grenadine,Powdered sugar,,,,0.5,1,0.5,0.05,0.1,,,,
Royal Fizz,Gin,Sweet and sour,Egg,Coca-Cola,,,,,,1,2,1,,,,,,
Royal Gin Fizz,Gin,Lemon,Powdered sugar,Egg,Carbonated water,,,,,2,0.5,0.1,1,8,,,,
Rum Cobbler,Sugar,Club soda,Lemon,Dark rum,Maraschino cherry,Orange,,,,0.1,3,1,2,,,,,
Rum Cooler,Rum,Lemon-lime soda,Lemon,,,,,,,2,4,1,,,,,,
Rum Milk Punch,Light rum,Milk,Powdered sugar,Nutmeg,,,,,,2,8,0.1,,,,,,
Rum Old-fashioned,Light rum,151 proof rum,Powdered sugar,Bitters,Water,Lime peel,,,,1.5,0.1,0.05,0.01,0.1,,,,
Rum Screwdriver,Light rum,Orange juice,,,,,,,,1.5,5,,,,,,,
Rum Sour,Light rum,Lemon juice,Sugar,Orange,Maraschino cherry,,,,,2,1,0.05,,,,,,
Rum Toddy,Rum,Powdered sugar,Lemon peel,Water,,,,,,2,0.2,,0.2,,,,,
Russian Spring Punch,Vodka,Creme de Cassis,Sugar Syrup,Lemon Juice,,,,,,2.5,1.5,1,2.5,,,,,
Rusty Nail,Scotch,Drambuie,Lemon peel,,,,,,,1.5,0.5,,,,,,,
Salty Dog,Grapefruit juice,Gin,Salt,,,,,,,5,1.5,0.025,,,,,,
San Francisco,Vodka,Creme de Banane,Grenadine,Orange juice,,,,,,2,2,,,,,,,
Sazerac,Ricard,Sugar,Peychaud bitters,Water,Bourbon,Lemon peel,,,,0.1,0.05,0.02,0.1,2,,,,
Scooter,Brandy,Amaretto,Light cream,,,,,,,1,1,1,,,,,,
Scotch Cobbler,Scotch,Brandy,Curacao,Orange,Mint,,,,,2,0.04,0.04,,,,,,
Scotch Sour,Scotch,Lime,Powdered sugar,Lemon,Cherry,,,,,1.5,0.5,0.05,,,,,,
Screaming Orgasm,Vodka,Baileys irish cream,Kahlua,,,,,,,1,1.5,0.5,,,,,,
Screwdriver,Vodka,Orange juice,,,,,,,,2,8,,,,,,,
Sea breeze,Vodka,Cranberry juice,Grapefruit juice,,,,,,,1.5,4,1,,,,,,
Sex on the Beach,Vodka,Peach schnapps,Cranberry juice,Grapefruit juice,,,,,,1,0.75,,,,,,,
Shanghai Cocktail,Light rum,Anisette,Grenadine,Lemon,,,,,,1,0.1,0.05,0.25,,,,,
Sherry Eggnog,Sherry,Powdered sugar,Egg,Milk,Nutmeg,,,,,2,0.1,1,4,,,,,
Sherry Flip,Sherry,Light cream,Powdered sugar,Egg,Nutmeg,,,,,1.5,0.2,0.1,1,,,,,
Sidecar,Cognac,Cointreau,Lemon juice,,,,,,,2,0.5,1,,,,,,
Sidecar Cocktail,Brandy,Triple sec,Lemon,,,,,,,1,0.5,0.25,,,,,,
Singapore Sling,Cherry brandy,Grenadine,Gin,Sweet and sour,Carbonated water,Cherry,,,,0.5,0.5,1,2,,,,,
Sloe Gin Cocktail,Sloe gin,Dry Vermouth,Orange bitters,,,,,,,2,0.025,0.01,,,,,,
Snowball,Advocaat,Lemonade,Lemon,Ice,,,,,,1.5,10,,,,,,,
Sol Y Sombra,Brandy,Anisette,,,,,,,,1.5,1.5,,,,,,,
Space Odyssey,151 proof rum,Malibu rum,Pineapple juice,Orange juice,Grenadine,Cherries,,,,1,1,1,,,,,,
Spritz,Prosecco,Campari,Soda Water,,,,,,,6,4,0.5,,,,,,
Stinger,Brandy,White Creme de Menthe,,,,,,,,1.5,0.5,,,,,,,
Stone Sour,Apricot brandy,Orange juice,Sweet and sour,,,,,,,1,1,1,,,,,,
Strawberry Daiquiri,Strawberry schnapps,Light rum,Lime juice,Powdered sugar,Strawberries,,,,,0.5,1,1,0.1,1,,,,
Strawberry Margarita,Strawberry schnapps,Tequila,Triple sec,Lemon juice,Strawberries,Salt,,,,0.5,1,0.5,1,1,,,,
Surf City Lifesaver,Ouzo,Baileys irish cream,Gin,Grand Marnier,,,,,,1,1,2,0.5,,,,,
Tequila Fizz,Tequila,Lemon juice,Grenadine,Egg white,Ginger ale,,,,,2,0.3,0.75,1,,,,,
Tequila Sour,Tequila,Lemon,Powdered sugar,Lemon,Cherry,,,,,2,0.5,0.1,,,,,,
Thriller,Scotch,Wine,Orange juice,,,,,,,1.5,1,1,,,,,,
Tom Collins,Gin,Lemon juice,Sugar,Club soda,Maraschino cherry,Orange,,,,2,1,0.1,3,,,,,
Tommy's Margarita,Tequila,Lime Juice,Agave syrup,,,,,,,4.5,1.5,0.1,,,,,,
Turf Cocktail,Dry Vermouth,Gin,Anis,Bitters,Orange peel,,,,,1,1,0.025,0.02,,,,,
Tuxedo Cocktail,Dry Vermouth,Gin,Maraschino liqueur,Anis,Orange bitters,Cherry,,,,1.5,1.5,0.025,0.025,0.02,,,,
Valencia Cocktail,Apricot brandy,Orange juice,Orange bitters,,,,,,,1.5,0.3,0.02,,,,,,
Vampiro,Tequila,Tomato Juice,Orange Juice,Lime Juice,Sugar Syrup,Salt,,,,6,3,3,1.5,0.01,0.001,,,
Van Vleet,Light rum,Maple syrup,Lemon juice,,,,,,,3,1,1,,,,,,
Vermouth Cassis,Dry Vermouth,Creme de Cassis,Carbonated water,,,,,,,1.5,0.75,,,,,,,
Vesuvio,Light rum,Sweet Vermouth,Lemon,Powdered sugar,Egg white,,,,,1,0.5,0.5,0.1,1,,,,
Veteran,Dark rum,Cherry brandy,,,,,,,,2,0.5,,,,,,,
Victor,Gin,Sweet Vermouth,Brandy,,,,,,,1.5,0.5,0.5,,,,,,
Victory Collins,Vodka,Lemon juice,Grape juice,Powdered sugar,Orange,,,,,1.5,3,3,0.1,,,,,
Vodka And Tonic,Vodka,Tonic water,,,,,,,,2,8,,,,,,,
Vodka Martini,Vodka,Dry Vermouth,Olive,,,,,,,1.5,0.75,,,,,,,
Vodka Russian,Vodka,Schweppes Russchian,,,,,,,,2,8,,,,,,,
Waikiki Beachcomber,Triple sec,Gin,Pineapple juice,,,,,,,0.75,0.75,0.3,,,,,,
Whiskey Sour,Blended whiskey,Lemon,Powdered sugar,Cherry,Lemon,,,,,2,0.5,0.05,,,,,,
Whisky Mac,Scotch,Wine,,,,,,,,1.5,1,,,,,,,
White Lady,Gin,Triple Sec,Lemon Juice,,,,,,,4,3,2,,,,,,
White Russian,Vodka,Coffee liqueur,Light cream,,,,,,,2,1,,,,,,,
Zenmeister,Jägermeister,Root beer,,,,,,,,0.5,0.5,,,,,,,
Ziemes Martini Apfelsaft,Vermouth,Apple juice,,,,,,,,4,16,,,,,,,
Zima Blaster,Zima,Chambord raspberry liqueur,,,,,,,,12,3,,,,,,,
'57 Chevy with a White License Plate,Creme de Cacao,Vodka,,,,,,,,1,1,,,,,,,
155 Belmont,Dark rum,Light rum,Vodka,Orange juice,,,,,,1,2,1,1,,,,,
747 Drink,Vodka,Roses sweetened lime juice,Cranberry Juice,Sprite,,,,,,1,1,1,2,,,,,
9 1/2 Weeks,Absolut Citron,Orange Curacao,Strawberry liqueur,Orange juice,,,,,,2,0.5,0.5,1,,,,,
A Gilligan's Island,Vodka,Peach schnapps,Orange juice,Cranberry juice,,,,,,1,1,3,3,,,,,
A True Amaretto Sour,Amaretto,Lemon,Ice,Maraschino cherry,,,,,,1 jigger ,Juice of 1/2 ,,,,,,,
A.D.M. (After Dinner Mint),White Creme de Menthe,Southern Comfort,Vodka,Hot chocolate,,,,,,0.5,0.75,0.5,3,,,,,
A1,Gin,Grand Marnier,Lemon Juice,Grenadine,,,,,,1.75,1,0.25,0.0175,,,,,
Abbey Martini,Gin,Sweet Vermouth,Orange Juice,Angostura Bitters,,,,,,2,1,1,0.03,,,,,
Absolut Summertime,Absolut Citron,Sweet and sour,Sprite,Soda water,Lemon,,,,,1.5,0.75,0.5,0.3,,,,,
Absolutely Fabulous,Vodka,Cranberry Juice,Champagne,,,,,,,1,2,4,,,,,,
Absolutly Screwed Up,Absolut Citron,Orange juice,Triple sec,Ginger ale,,,,,,1,1,1,4,,,,,
Ace,Gin,Grenadine,Heavy cream,Milk,Egg White,,,,,2,0.5,0.5,0.5,0.5,,,,
Adam & Eve,Gin,Cognac,Creme de Cassis,Fresh Lemon Juice,,,,,,1,1,1,0.125,,,,,
Addington,Sweet Vermouth,Dry Vermouth,Soda Water,,,,,,,2,1,"Top up with
",,,,,,
Addison,Gin,Vermouth,,,,,,,,1.5,1.5,,,,,,,
Addison Special,Vodka,Grenadine,Orange juice,,,,,,,1.5,0.3,6,,,,,,
Adios Amigos Cocktail,Rum,Dry Vermouth,Cognac,Gin,Fresh Lime Juice,Sugar Syrup,Water,,,1,0.5,0.5,0.5,0.25,0.25,0.5,,
Afterglow,Grenadine,Orange juice,Pineapple juice,,,,,,,1,4,4,,,,,,
Alice Cocktail,Grenadine,Orange juice,Pineapple juice,Cream,,,,,,1,1,2,4,,,,,
Amaretto fizz,Amaretto,Orange Juice,White Wine,Orange Peel,,,,,,4,6,15,,,,,,
Aperol Spritz,Aperol,Prosecco,Soda Water,,,,,,,10,15,25,,,,,,
Apple Karate,Apple juice,Carrot,,,,,,,,2,,,,,,,,
Applejack,Jack Daniels,Midori melon liqueur,Sour mix,,,,,,,1,0.5,2,,,,,,
Aquamarine,Hpnotiq,Pineapple Juice,Banana Liqueur,,,,,,,2,1,1,,,,,,
Arizona Stingers,Absolut Vodka,Iced tea,,,,,,,,3,12,,,,,,,
Arizona Twister,Vodka,Malibu rum,Gold tequila,Orange juice,Pineapple juice,Cream of coconut,Grenadine,Ice,Pineapple,1.5,1.5,1.5,0.5,0.5,0.5,0.01,,
Army special,Vodka,Gin,Lime juice cordial,Ice,,,,,,30,30,45,,,,,,
Aviation,Gin,lemon juice,maraschino liqueur,,,,,,,4.5,1.5,1.5,,,,,,
Bahama Mama,Rum,Dark Rum,Banana liqueur,Grenadine,Pineapple Juice,Orange Juice,Sweet and Sour,,,3,1,1,1,2,2,1,,
Banana Cream Pi,Malibu Rum,Banana Liqueur,Pineapple Juice,,,,,,,1 oz,1 oz,Top,,,,,,
Bee's Knees,Gold rum,Orange Juice,Lime Juice,Triple Sec,,,,,,6 cl,2 cl,2 cl,2 jiggers,,,,,
Bijou,Orange Bitters,Green Chartreuse,Gin,Sweet Vermouth,,,,,,1 dash,1 oz,1 oz,1 oz,,,,,
Blue Hurricane,Rum,Dark Rum,Passoa,Blue Curacao,Sweet and Sour,Ice,,,,4 parts,2 parts,1 part,1 part,6 parts,cubes,,,
Blueberry Mojito,Dark Rum,Lime Juice,Sugar,Blueberries,Lemon-lime soda,,,,,2 shots,1 shot,Dash,Whole,Top,,,,
Bombay Cassis,Gin,Creme de Cassis,Fresh Lime Juice,Ginger beer,Lime,Ginger,,,,50 ml,20 ml,15 ml,75 ml,1,1 long strip,,,
Bora Bora,Pineapple juice,Passion fruit juice,Lemon juice,Grenadine,,,,,,10 cl ,6 cl ,1 cl ,1 cl ,,,,,
Boulevardier,Campari,Sweet Vermouth,Rye whiskey,Orange Peel,,,,,,1 oz,1 oz,1 1/4 oz,1,,,,,
Bounty Hunter,Rum,Coconut Liqueur,Blueberries,Pineapple Juice,Prosecco,,,,,1 shot,1 shot,Garnish with,Dash,Top,,,,
Brigadier,Hot Chocolate,Green Chartreuse,Cherry Heering,,,,,,,4 oz,1 oz,1 oz,,,,,,
Broadside,151 proof rum,Scotch,Bitters,Wormwood,Ice,,,,,1.5,0.75,0.003,,,,,,
Brooklyn,Rye Whiskey,Dry Vermouth,Maraschino Liqueur,Angostura Bitters,Maraschino Cherry,,,,,2,1,0.25,0.03,,,,,
Captain Kidd's Punch,Rum,Lime Juice,Egg White,Bitters,Sugar,Nutmeg,,,,3,1.5,1.5,0.01,,,,,
Cherry Electric Lemonade,Gin,Tequila,Vodka,White rum,Triple Sec,Cherry Grenadine,Sweet and sour,Club soda,,1,1,1,1,1,1,1,3,
Corn n Oil,Lime,Falernum,Angostura Bitters,Añejo rum,blackstrap rum,,,,,2-Jan,1/3 oz,2 dashes,1 oz,1 oz,,,,
Corpse Reviver #2,Gin,Triple Sec,Lillet Blanc,Lemon Juice,Absinthe,,,,,3/4 oz,3/4 oz,3/4 oz,3/4 oz,1 dash,,,,
Cosmopolitan,Absolut Citron,Lime juice,Cointreau,Cranberry juice,,,,,,1 1/4 oz ,1/4 oz ,1/4 oz ,1/4 cup ,,,,,
Cosmopolitan Martini,Cointreau,Vodka,Lime,Cranberry juice,,,,,,1/2 oz ,1 oz ,Juice of 1/2 ,1 splash ,,,,,
Cream Soda,Spiced rum,Ginger ale,,,,,,,,1 oz ,,,,,,,,
Dark Caipirinha,demerara Sugar,Lime,Cachaca,,,,,,,2 tsp ,1,2 1/2 oz,,,,,,
Death in the Afternoon,Absinthe,Champagne,,,,,,,,2 shots,Top,,,,,,,
Dirty Martini,Vodka,Dry Vermouth,Olive Brine,Lemon,Olive,,,,,2,0.1,0.2,,,,,,
Dry Martini,Gin,Dry Vermouth,Olive,,,,,,,1.67,0.33,,,,,,,
Duchamp's Punch,Pisco,Lime Juice,Pineapple Syrup,St. Germain,Angostura Bitters,Pepper,Lavender,,,5 cl,2.5 cl,2.5 cl,1.5 cl,2 Dashes,,,,
Empellón Cocina's Fat-Washed Mezcal,Mezcal,Chocolate liqueur,Coffee liqueur,,,,,,,2,0.75,0.5,,,,,,
Espresso Martini,Vodka,Kahlua,Sugar syrup,,,,,,,5 cl,1 cl,1 dash,,,,,,
Espresso Rumtini,Rum,Vanilla syrup,Espresso,Coffee,,,,,,1,0.5,1,1,,,,,
Flaming Lamborghini,Kahlua,Sambuca,Blue Curacao,Baileys irish cream,,,,,,1,1,1,1,,,,,
French Martini,Vodka,Raspberry Liqueur,pineapple juice,,,,,,,4.5,1.5,1.5,,,,,,
French Negroni,Gin,Lillet,Sweet Vermouth,Orange Peel,,,,,,1,1,1,,,,,,
Funk and Soul,Rum,Apricot Nectar,Pomegranate juice,lemon,Soda Water,,,,,2 shots,1 shot,1 shot,Juice of 1/2,Top,,,,
Gagliardo,Peach Vodka,Lemon juice,Galliano,Sirup of roses,,,,,,5,3,1,1,,,,,
Gimlet,Gin,Lime Juice,Sugar Syrup,Lime,,,,,,2.5,0.5,0.5,,,,,,
Gin Basil Smash,Gin,Lemon Juice,Sugar Syrup,Basil,,,,,,6,2,2,,,,,,
Gin Rickey,Gin,Grenadine,lemon,Soda Water,Lime,,,,,2 oz ,1 tsp ,Juice of 1/2 ,Top up with,Garnish,,,,
Greyhound,Vodka,Grapefruit Juice,,,,,,,,1.5,3,,,,,,,
Honey Bee,White Rum,Honey,Lemon Juice,,,,,,,6,2,2,,,,,,
Hunter's Moon,Vermouth,Maraschino Cherry,Sugar Syrup,Lemonade,Blackberries,,,,,25,15,10,100,,,,,
Imperial Cocktail,Lime juice,Gin,Aperol,,,,,,,4,2,4,,,,,,
Irish Curdling Cow,Baileys irish cream,Bourbon,Vodka,Orange juice,,,,,,0.75,0.75,0.75,3,,,,,
Jitterbug,Gin,Vodka,Grenadine,Lime juice,Sugar,Sugar syrup,Soda water,,,2 jiggers ,1 jigger ,3 dashes ,1 shot ,Around rim put 1 pinch ,3 dashes ,Fill to top with ,,
Lazy Coconut Paloma,Coconut Liqueur,Grapefruit Juice,Soda Water,,,,,,,30 ml,75 ml,Top,,,,,,
Lemon Drop,Absolut Vodka,Cointreau,Lemon,,,,,,,1.5,1.5,0.25,,,,,,
Malibu Twister,Malibu rum,Tropicana,Cranberry juice,,,,,,,2,2,1,,,,,,
Manhattan,Sweet Vermouth,Bourbon,Angostura bitters,Ice,Maraschino cherry,Orange peel,,,,0.75,2.5,0.01,,,,,,
Martinez 2,Gin,Sweet Vermouth,Maraschino Liqueur,Angostura Bitters,,,,,,1.5,1.5,0.1,0.02,,,,,
Martinez Cocktail,Gin,Dry Vermouth,Triple sec,Orange bitters,Cherry,,,,,1,1,0.25,0.01,,,,,
Martini,Gin,Dry Vermouth,Olive,,,,,,,1.67,0.333,,,,,,,
Mary Pickford,Light rum,Pineapple juice,Maraschino liqueur,Grenadine,Maraschino cherry,,,,,1.5,1,0.05,0.05,1,,,,
Miami Vice,151 proof rum,Pina colada mix,Daiquiri mix,,,,,,,5,frozen ,frozen ,,,,,,
Midnight Mint,Baileys irish cream,White Creme de Menthe,Cream,,,,,,,1,0.75,0.75,,,,,,
Mojito,Light rum,Lime,Sugar,Mint,Soda water,,,,,3,Juice of 1 ,0.2,,6,,,,
Mojito #3,Mint,Lemon juice,Dark rum,Club soda,Angostura bitters,,,,,,3 cl ,1/8 L Jamaican ,1/8 L ,8 drops ,,,,
Munich Mule,Gin,Lime Juice,Ginger Beer,Cucumber,lemon,,,,,5,2,10,,,,,,
New York Lemonade,Absolut Citron,Grand Marnier,Lemon juice,Club soda,,,,,,2,1,2,1,,,,,
Oatmeal Cookie,Kahlua,Bailey,Butterscotch schnapps,Jagermeister,Goldschlager,,,,,2,2,4,1,0.5,,,,
Old Fashioned,Bourbon,Angostura bitters,Sugar,Water,,,,,,4.5,0.02,,0.01,,,,,
Old Pal,Rye whiskey,Campari,Dry Vermouth,,,,,,,2,1,1,,,,,,
Orangeade,Lemon juice,Orange juice,Sugar syrup,Soda water,,,,,,5,15,3,,,,,,
Paloma,Grape Soda,Tequila,,,,,,,,3,1.5,,,,,,,
Passion Fruit Martini,Vodka,Sugar Syrup,Passion fruit juice,,,,,,,1,0.5,7.5,,,,,,
Pegu Club,Gin,Orange Curacao,Lime Juice,Angostura Bitters,Orange Bitters,,,,,1.5,0.75,0.75,0.01,0.01,,,,
Penicillin,Blended Scotch,Lemon Juice,Honey syrup,Ginger Syrup,Islay single malt Scotch,,,,,2,0.75,0.2,0.2,0.25,,,,
Pineapple Paloma,Tequila,Grapefruit Juice,Fresh Lime Juice,Pineapple Juice,Lime,Pepper,,,,4,4,1,8,,,,,
Pisco Sour,Pisco,Lemon juice,Sugar,Ice,,,,,,2,1,0.1,,,,,,
Rail Splitter,Sugar syrup,Lemon juice,Ginger ale,,,,,,,2,?,?,,,,,,
Raspberry Julep,Bourbon,Raspberry syrup,Mint,,,,,,,2,0.5,,,,,,,
Rosemary Blue,Gin,Blue Curacao,Tonic Water,Rosemary,,,,,,50 ml,15 ml,100 ml,Garnish with,,,,,
Ruby Tuesday,Gin,Cranberry juice,Grenadine,,,,,,,2,5,0.4,,,,,,
Salted Toffee Martini,Gin,Chocolate liqueur,Amaretto,Chocolate Sauce,Salted Chocolate,,,,,50 ml ,30 ml ,15 ml,Garnish,Grated,,,,
Shark Attack,Lemonade,Water,Vodka,,,,,,,1 can ,3 cans ,1 1/2 cup ,,,,,,
Smashed Watermelon Margarita,Watermelon,Mint,Grapefruit Juice,Lime,Tequila,Watermelon,Mint,,,1/2 cup,,1/3 Cup,Juice of 1/2,1 shot,,,,
Spice 75,Sugar,Allspice,Rum,Lime Juice,Champagne,Orange spiral,,,,60 ml,1 tblsp,20 cl,90 ml,6 cl,,,,
Spritz Veneziano,Prosecco,Aperol,Soda Water,,,,,,,6 cl,4 cl,Top,,,,,,
Tequila Sunrise,Tequila,Orange juice,Grenadine,,,,,,,2 measures ,,,,,,,,
The Evil Blue Thing,Creme de Cacao,Blue Curacao,Light rum,,,,,,,1.5,1,0.5,,,,,,
The Jimmy Conway,Irish Whiskey,Amaretto,Cranberry Juice,,,,,,,50 ml,50 ml,4 oz,,,,,,
The Last Word,Green Chartreuse,Maraschino Liqueur,Lime Juice,,,,,,,1,1,1,,,,,,
The Laverstoke,Gin,Elderflower cordial,Rosso Vermouth,Tonic Water,Lime,Ginger,Mint,,,50,15,15,75,,,,,
The Philosopher,Gin,Melon Liqueur,Orange Bitters,Lemon Juice,Prosecco,,,,,1,1,0.1,0.1,3,,,,
Tipperary,Irish Whiskey,Sweet Vermouth,Green Chartreuse,,,,,,,2,1,0.5,,,,,,
Vesper,Gin,Vodka,Lillet Blanc,,,,,,,6,1.5,0.75,,,,,,
Yellow Bird,White Rum,Galliano,Triple Sec,Lime Juice,,,,,,3,1.5,1.5,1.5,,,,,
Zippy's Revenge,Amaretto,Rum,Kool-Aid,,,,,,,2,2,4,,,,,,
Zombie,Rum,Gold rum,151 proof rum,Pernod,Grenadine,Lime Juice,Angostura Bitters,,,1.5,1.5,1,0.1,0.1,0.1,0.001,,
Zorbatini,Vodka,Ouzo,,,,,,,,1.25,0.25,,,,,,,